symbol,expiry,strike,right,days_to_expiry,price,bid,ask,volume,open_interest,implied_volatility,delta,gamma,theta,vega,underlying_price,timestamp
SPY,2025-04-17,260.0,C,30,304.84,0.0,0.0,10.0,0.0,1.0000000000000003e-05,0.7,0.0,0.0,0.0,561.02,2025-03-18T22:57:56.280732
SPY,2025-04-17,270.0,C,30,324.21,0.0,0.0,2.0,0.0,1.0000000000000003e-05,0.7,0.0,0.0,0.0,561.02,2025-03-18T22:57:56.280795
SPY,2025-04-17,275.0,C,30,316.0,333.81,337.34,1.0,1.0,3.435853461151123,0.7,0.0,0.0,0.0,561.02,2025-03-18T22:57:56.280837
SPY,2025-04-17,280.0,C,30,293.02,308.53,311.42,3.0,0.0,2.6786532057189945,0.7,0.0,0.0,0.0,561.02,2025-03-18T22:57:56.280875
SPY,2025-04-17,285.0,C,30,321.51,290.58,291.79,1.0,1.0,2.0958299557495113,0.7,0.0,0.0,0.0,561.02,2025-03-18T22:57:56.280910
SPY,2025-04-17,290.0,C,30,298.06,299.38,302.43,,1.0,2.6050449913024902,0.7,0.0,0.0,0.0,561.02,2025-03-18T22:57:56.280944
SPY,2025-04-17,295.0,C,30,297.27,306.95,310.51,2.0,13.0,2.968386368103027,0.7,0.0,0.0,0.0,561.02,2025-03-18T22:57:56.280977
SPY,2025-04-17,300.0,C,30,252.13,0.0,0.0,5.0,0.0,1.0000000000000003e-05,0.7,0.0,0.0,0.0,561.02,2025-03-18T22:57:56.281011
SPY,2025-04-17,305.0,C,30,292.05,287.79,290.45,12.0,32.0,2.556033883361816,0.7,0.0,0.0,0.0,561.02,2025-03-18T22:57:56.281044
SPY,2025-04-17,320.0,C,30,279.73,290.03,293.65,5.0,3.0,2.9227932203674323,0.7,0.0,0.0,0.0,561.02,2025-03-18T22:57:56.281076
SPY,2025-04-17,325.0,C,30,252.24,0.0,0.0,1.0,0.0,1.0000000000000003e-05,0.7,0.0,0.0,0.0,561.02,2025-03-18T22:57:56.281109
SPY,2025-04-17,330.0,C,30,256.93,0.0,0.0,16.0,0.0,1.0000000000000003e-05,0.7,0.0,0.0,0.0,561.02,2025-03-18T22:57:56.281141
SPY,2025-04-17,335.0,C,30,228.42,0.0,0.0,1.0,0.0,1.0000000000000003e-05,0.7,0.0,0.0,0.0,561.02,2025-03-18T22:57:56.281174
SPY,2025-04-17,340.0,C,30,267.0,242.27,245.68,8.0,3.0,1.9132694766235354,0.7,0.0,0.0,0.0,561.02,2025-03-18T22:57:56.281207
SPY,2025-04-17,345.0,C,30,216.97,0.0,0.0,13.0,0.0,1.0000000000000003e-05,0.7,0.0,0.0,0.0,561.02,2025-03-18T22:57:56.281239
SPY,2025-04-17,350.0,C,30,211.25,0.0,0.0,7.0,0.0,1.0000000000000003e-05,0.7,0.0,0.0,0.0,561.02,2025-03-18T22:57:56.281271
SPY,2025-04-17,355.0,C,30,195.59,0.0,0.0,21.0,0.0,1.0000000000000003e-05,0.7,0.0,0.0,0.0,561.02,2025-03-18T22:57:56.281304
SPY,2025-04-17,360.0,C,30,210.53,0.0,0.0,2.0,0.0,1.0000000000000003e-05,0.7,0.0,0.0,0.0,561.02,2025-03-18T22:57:56.281336
SPY,2025-04-17,365.0,C,30,247.07,0.0,0.0,4.0,0.0,1.0000000000000003e-05,0.7,0.0,0.0,0.0,561.02,2025-03-18T22:57:56.281368
SPY,2025-04-17,370.0,C,30,189.2,0.0,0.0,2.0,0.0,1.0000000000000003e-05,0.7,0.0,0.0,0.0,561.02,2025-03-18T22:57:56.281401
SPY,2025-04-17,375.0,C,30,184.53,0.0,0.0,1.0,0.0,1.0000000000000003e-05,0.7,0.0,0.0,0.0,561.02,2025-03-18T22:57:56.281433
SPY,2025-04-17,380.0,C,30,179.56,0.0,0.0,1.0,0.0,1.0000000000000003e-05,0.7,0.0,0.0,0.0,561.02,2025-03-18T22:57:56.281465
SPY,2025-04-17,385.0,C,30,174.23,0.0,0.0,80.0,0.0,1.0000000000000003e-05,0.7,0.0,0.0,0.0,561.02,2025-03-18T22:57:56.281498
SPY,2025-04-17,390.0,C,30,169.57,0.0,0.0,100.0,0.0,1.0000000000000003e-05,0.7,0.0,0.0,0.0,561.02,2025-03-18T22:57:56.281530
SPY,2025-04-17,395.0,C,30,164.65,0.0,0.0,11.0,0.0,1.0000000000000003e-05,0.7,0.0,0.0,0.0,561.02,2025-03-18T22:57:56.281563
SPY,2025-04-17,400.0,C,30,161.21,0.0,0.0,94.0,0.0,1.0000000000000003e-05,0.7,0.0,0.0,0.0,561.02,2025-03-18T22:57:56.281595
SPY,2025-04-17,405.0,C,30,155.41,0.0,0.0,50.0,0.0,1.0000000000000003e-05,0.7,0.0,0.0,0.0,561.02,2025-03-18T22:57:56.281627
SPY,2025-04-17,410.0,C,30,149.51,0.0,0.0,145.0,0.0,1.0000000000000003e-05,0.7,0.0,0.0,0.0,561.02,2025-03-18T22:57:56.281660
SPY,2025-04-17,415.0,C,30,144.24,0.0,0.0,103.0,0.0,1.0000000000000003e-05,0.7,0.0,0.0,0.0,561.02,2025-03-18T22:57:56.281692
SPY,2025-04-17,420.0,C,30,141.5,0.0,0.0,2.0,0.0,1.0000000000000003e-05,0.7,0.0,0.0,0.0,561.02,2025-03-18T22:57:56.281724
SPY,2025-04-17,425.0,C,30,134.88,0.0,0.0,1.0,0.0,1.0000000000000003e-05,0.7,0.0,0.0,0.0,561.02,2025-03-18T22:57:56.281757
SPY,2025-04-17,430.0,C,30,130.74,0.0,0.0,3.0,0.0,1.0000000000000003e-05,0.7,0.0,0.0,0.0,561.02,2025-03-18T22:57:56.281789
SPY,2025-04-17,435.0,C,30,134.25,0.0,0.0,2.0,0.0,1.0000000000000003e-05,0.7,0.0,0.0,0.0,561.02,2025-03-18T22:57:56.281821
SPY,2025-04-17,440.0,C,30,128.9,0.0,0.0,2.0,0.0,1.0000000000000003e-05,0.7,0.0,0.0,0.0,561.02,2025-03-18T22:57:56.281854
SPY,2025-04-17,445.0,C,30,116.06,0.0,0.0,205.0,0.0,1.0000000000000003e-05,0.7,0.0,0.0,0.0,561.02,2025-03-18T22:57:56.281887
SPY,2025-04-17,450.0,C,30,111.25,0.0,0.0,3.0,0.0,1.0000000000000003e-05,0.7,0.0,0.0,0.0,561.02,2025-03-18T22:57:56.281919
SPY,2025-04-17,455.0,C,30,99.71,0.0,0.0,2.0,0.0,1.0000000000000003e-05,0.7,0.0,0.0,0.0,561.02,2025-03-18T22:57:56.281951
SPY,2025-04-17,460.0,C,30,100.9,0.0,0.0,1.0,0.0,1.0000000000000003e-05,0.7,0.0,0.0,0.0,561.02,2025-03-18T22:57:56.281984
SPY,2025-04-17,465.0,C,30,98.58,0.0,0.0,1.0,0.0,1.0000000000000003e-05,0.7,0.0,0.0,0.0,561.02,2025-03-18T22:57:56.282016
SPY,2025-04-17,470.0,C,30,91.06,0.0,0.0,1.0,0.0,1.0000000000000003e-05,0.7,0.0,0.0,0.0,561.02,2025-03-18T22:57:56.282048
SPY,2025-04-17,475.0,C,30,86.33,0.0,0.0,21.0,0.0,1.0000000000000003e-05,0.7,0.0,0.0,0.0,561.02,2025-03-18T22:57:56.282080
SPY,2025-04-17,480.0,C,30,81.0,0.0,0.0,5.0,0.0,1.0000000000000003e-05,0.7,0.0,0.0,0.0,561.02,2025-03-18T22:57:56.282113
SPY,2025-04-17,485.0,C,30,68.9,0.0,0.0,14.0,0.0,1.0000000000000003e-05,0.7,0.0,0.0,0.0,561.02,2025-03-18T22:57:56.282145
SPY,2025-04-17,490.0,C,30,79.62,0.0,0.0,3.0,0.0,1.0000000000000003e-05,0.7,0.0,0.0,0.0,561.02,2025-03-18T22:57:56.282177
SPY,2025-04-17,495.0,C,30,68.84,0.0,0.0,28.0,0.0,1.0000000000000003e-05,0.7,0.0,0.0,0.0,561.02,2025-03-18T22:57:56.282209
SPY,2025-04-17,500.0,C,30,62.98,0.0,0.0,16.0,0.0,1.0000000000000003e-05,0.7,0.0,0.0,0.0,561.02,2025-03-18T22:57:56.282241
SPY,2025-04-17,505.0,C,30,58.07,0.0,0.0,29.0,0.0,1.0000000000000003e-05,0.7,0.0,0.0,0.0,561.02,2025-03-18T22:57:56.282274
SPY,2025-04-17,510.0,C,30,59.18,0.0,0.0,25.0,0.0,1.0000000000000003e-05,0.7,0.0,0.0,0.0,561.02,2025-03-18T22:57:56.282306
SPY,2025-04-17,511.0,C,30,55.26,0.0,0.0,2.0,0.0,1.0000000000000003e-05,0.7,0.0,0.0,0.0,561.02,2025-03-18T22:57:56.282338
SPY,2025-04-17,512.0,C,30,54.31,0.0,0.0,4.0,0.0,1.0000000000000003e-05,0.7,0.0,0.0,0.0,561.02,2025-03-18T22:57:56.282370
SPY,2025-04-17,513.0,C,30,50.05,0.0,0.0,7.0,0.0,1.0000000000000003e-05,0.7,0.0,0.0,0.0,561.02,2025-03-18T22:57:56.282402
SPY,2025-04-17,514.0,C,30,56.67,0.0,0.0,11.0,0.0,1.0000000000000003e-05,0.7,0.0,0.0,0.0,561.02,2025-03-18T22:57:56.282435
SPY,2025-04-17,515.0,C,30,55.92,0.0,0.0,10.0,0.0,1.0000000000000003e-05,0.7,0.0,0.0,0.0,561.02,2025-03-18T22:57:56.282467
SPY,2025-04-17,516.0,C,30,55.27,0.0,0.0,4.0,0.0,1.0000000000000003e-05,0.7,0.0,0.0,0.0,561.02,2025-03-18T22:57:56.282499
SPY,2025-04-17,517.0,C,30,51.45,0.0,0.0,4.0,0.0,1.0000000000000003e-05,0.7,0.0,0.0,0.0,561.02,2025-03-18T22:57:56.282531
SPY,2025-04-17,518.0,C,30,44.57,0.0,0.0,,0.0,1.0000000000000003e-05,0.7,0.0,0.0,0.0,561.02,2025-03-18T22:57:56.282563
SPY,2025-04-17,519.0,C,30,47.82,0.0,0.0,2.0,0.0,1.0000000000000003e-05,0.7,0.0,0.0,0.0,561.02,2025-03-18T22:57:56.282596
SPY,2025-04-17,520.0,C,30,44.04,0.0,0.0,6.0,0.0,1.0000000000000003e-05,0.7,0.0,0.0,0.0,561.02,2025-03-18T22:57:56.282628
SPY,2025-04-17,521.0,C,30,45.97,0.0,0.0,2.0,0.0,1.0000000000000003e-05,0.7,0.0,0.0,0.0,561.02,2025-03-18T22:57:56.282660
SPY,2025-04-17,522.0,C,30,42.43,0.0,0.0,2.0,0.0,1.0000000000000003e-05,0.7,0.0,0.0,0.0,561.02,2025-03-18T22:57:56.282692
SPY,2025-04-17,523.0,C,30,41.49,0.0,0.0,2.0,0.0,1.0000000000000003e-05,0.7,0.0,0.0,0.0,561.02,2025-03-18T22:57:56.282724
SPY,2025-04-17,524.0,C,30,41.11,0.0,0.0,2.0,0.0,1.0000000000000003e-05,0.7,0.0,0.0,0.0,561.02,2025-03-18T22:57:56.282756
SPY,2025-04-17,525.0,C,30,38.98,0.0,0.0,32.0,0.0,1.0000000000000003e-05,0.7,0.0,0.0,0.0,561.02,2025-03-18T22:57:56.282789
SPY,2025-04-17,526.0,C,30,39.34,0.0,0.0,2.0,0.0,1.0000000000000003e-05,0.7,0.0,0.0,0.0,561.02,2025-03-18T22:57:56.282821
SPY,2025-04-17,527.0,C,30,43.84,0.0,0.0,2.0,0.0,1.0000000000000003e-05,0.7,0.0,0.0,0.0,561.02,2025-03-18T22:57:56.282853
SPY,2025-04-17,528.0,C,30,36.32,0.0,0.0,2.0,0.0,1.0000000000000003e-05,0.7,0.0,0.0,0.0,561.02,2025-03-18T22:57:56.282886
SPY,2025-04-17,529.0,C,30,37.47,0.0,0.0,,0.0,1.0000000000000003e-05,0.7,0.0,0.0,0.0,561.02,2025-03-18T22:57:56.282918
SPY,2025-04-17,530.0,C,30,34.94,0.0,0.0,34.0,0.0,1.0000000000000003e-05,0.7,0.0,0.0,0.0,561.02,2025-03-18T22:57:56.282950
SPY,2025-04-17,531.0,C,30,38.51,0.0,0.0,6.0,0.0,1.0000000000000003e-05,0.7,0.0,0.0,0.0,561.02,2025-03-18T22:57:56.282982
SPY,2025-04-17,532.0,C,30,31.44,0.0,0.0,,0.0,1.0000000000000003e-05,0.7,0.0,0.0,0.0,561.02,2025-03-18T22:57:56.283014
SPY,2025-04-17,533.0,C,30,32.62,0.0,0.0,1.0,0.0,1.0000000000000003e-05,0.7,0.0,0.0,0.0,561.02,2025-03-18T22:57:56.283047
SPY,2025-04-17,534.0,C,30,38.56,0.0,0.0,12.0,0.0,1.0000000000000003e-05,0.7,0.0,0.0,0.0,561.02,2025-03-18T22:57:56.283079
SPY,2025-04-17,535.0,C,30,30.78,0.0,0.0,364.0,0.0,1.0000000000000003e-05,0.7,0.0,0.0,0.0,561.02,2025-03-18T22:57:56.283111
SPY,2025-04-17,536.0,C,30,30.57,0.0,0.0,40.0,0.0,1.0000000000000003e-05,0.7,0.0,0.0,0.0,561.02,2025-03-18T22:57:56.283143
SPY,2025-04-17,537.0,C,30,32.06,0.0,0.0,2.0,0.0,1.0000000000000003e-05,0.7,0.0,0.0,0.0,561.02,2025-03-18T22:57:56.283175
SPY,2025-04-17,538.0,C,30,28.62,0.0,0.0,6.0,0.0,1.0000000000000003e-05,0.7,0.0,0.0,0.0,561.02,2025-03-18T22:57:56.283207
SPY,2025-04-17,539.0,C,30,27.82,0.0,0.0,4.0,0.0,1.0000000000000003e-05,0.7,0.0,0.0,0.0,561.02,2025-03-18T22:57:56.283239
SPY,2025-04-17,540.0,C,30,27.1,0.0,0.0,2031.0,0.0,1.0000000000000003e-05,0.7,0.0,0.0,0.0,561.02,2025-03-18T22:57:56.283273
SPY,2025-04-17,541.0,C,30,27.03,0.0,0.0,42.0,0.0,1.0000000000000003e-05,0.7,0.0,0.0,0.0,561.02,2025-03-18T22:57:56.283305
SPY,2025-04-17,542.0,C,30,24.99,0.0,0.0,8.0,0.0,1.0000000000000003e-05,0.7,0.0,0.0,0.0,561.02,2025-03-18T22:57:56.283337
SPY,2025-04-17,543.0,C,30,25.0,0.0,0.0,15.0,0.0,1.0000000000000003e-05,0.7,0.0,0.0,0.0,561.02,2025-03-18T22:57:56.283370
SPY,2025-04-17,544.0,C,30,25.85,0.0,0.0,2.0,0.0,1.0000000000000003e-05,0.7,0.0,0.0,0.0,561.02,2025-03-18T22:57:56.283402
SPY,2025-04-17,545.0,C,30,22.57,0.0,0.0,78.0,0.0,1.0000000000000003e-05,0.7,0.0,0.0,0.0,561.02,2025-03-18T22:57:56.283434
SPY,2025-04-17,546.0,C,30,22.58,0.0,0.0,4.0,0.0,1.0000000000000003e-05,0.7,0.0,0.0,0.0,561.02,2025-03-18T22:57:56.283466
SPY,2025-04-17,547.0,C,30,21.45,0.0,0.0,8.0,0.0,1.0000000000000003e-05,0.7,0.0,0.0,0.0,561.02,2025-03-18T22:57:56.283498
SPY,2025-04-17,548.0,C,30,21.34,0.0,0.0,20.0,0.0,1.0000000000000003e-05,0.7,0.0,0.0,0.0,561.02,2025-03-18T22:57:56.283531
SPY,2025-04-17,549.0,C,30,20.55,0.0,0.0,3.0,0.0,1.0000000000000003e-05,0.7,0.0,0.0,0.0,561.02,2025-03-18T22:57:56.283563
SPY,2025-04-17,550.0,C,30,19.79,0.0,0.0,767.0,0.0,1.0000000000000003e-05,0.7,0.0,0.0,0.0,561.02,2025-03-18T22:57:56.283595
SPY,2025-04-17,551.0,C,30,18.97,0.0,0.0,39.0,0.0,1.0000000000000003e-05,0.7,0.0,0.0,0.0,561.02,2025-03-18T22:57:56.283628
SPY,2025-04-17,552.0,C,30,18.23,0.0,0.0,103.0,0.0,1.0000000000000003e-05,0.7,0.0,0.0,0.0,561.02,2025-03-18T22:57:56.283660
SPY,2025-04-17,553.0,C,30,17.92,0.0,0.0,56.0,0.0,1.0000000000000003e-05,0.7,0.0,0.0,0.0,561.02,2025-03-18T22:57:56.283699
SPY,2025-04-17,554.0,C,30,16.52,0.0,0.0,168.0,0.0,1.0000000000000003e-05,0.7,0.0,0.0,0.0,561.02,2025-03-18T22:57:56.283732
SPY,2025-04-17,555.0,C,30,16.65,0.0,0.0,500.0,0.0,1.0000000000000003e-05,0.7,0.0,0.0,0.0,561.02,2025-03-18T22:57:56.283764
SPY,2025-04-17,556.0,C,30,15.66,0.0,0.0,119.0,0.0,1.0000000000000003e-05,0.7,0.0,0.0,0.0,561.02,2025-03-18T22:57:56.283796
SPY,2025-04-17,557.0,C,30,15.5,0.0,0.0,96.0,0.0,1.0000000000000003e-05,0.7,0.0,0.0,0.0,561.02,2025-03-18T22:57:56.283828
SPY,2025-04-17,558.0,C,30,14.45,0.0,0.0,259.0,0.0,1.0000000000000003e-05,0.7,0.0,0.0,0.0,561.02,2025-03-18T22:57:56.283860
SPY,2025-04-17,559.0,C,30,14.12,0.0,0.0,275.0,0.0,1.0000000000000003e-05,0.7,0.0,0.0,0.0,561.02,2025-03-18T22:57:56.283893
SPY,2025-04-17,560.0,C,30,13.6,0.0,0.0,6936.0,0.0,1.0000000000000003e-05,0.7,0.0,0.0,0.0,561.02,2025-03-18T22:57:56.283925
SPY,2025-04-17,561.0,C,30,12.74,0.0,0.0,1736.0,0.0,1.0000000000000003e-05,0.7,0.0,0.0,0.0,561.02,2025-03-18T22:57:56.283957
SPY,2025-04-17,562.0,C,30,12.3,0.0,0.0,1373.0,0.0,0.00196310546875,0.3,0.0,0.0,0.0,561.02,2025-03-18T22:57:56.283989
SPY,2025-04-17,563.0,C,30,11.81,0.0,0.0,1114.0,0.0,0.0039162109375,0.3,0.0,0.0,0.0,561.02,2025-03-18T22:57:56.284021
SPY,2025-04-17,564.0,C,30,11.2,0.0,0.0,1014.0,0.0,0.0039162109375,0.3,0.0,0.0,0.0,561.02,2025-03-18T22:57:56.284053
SPY,2025-04-17,565.0,C,30,10.68,0.0,0.0,4373.0,0.0,0.007822421875,0.3,0.0,0.0,0.0,561.02,2025-03-18T22:57:56.284085
SPY,2025-04-17,566.0,C,30,10.14,0.0,0.0,995.0,0.0,0.007822421875,0.3,0.0,0.0,0.0,561.02,2025-03-18T22:57:56.284117
SPY,2025-04-17,567.0,C,30,9.63,0.0,0.0,903.0,0.0,0.007822421875,0.3,0.0,0.0,0.0,561.02,2025-03-18T22:57:56.284150
SPY,2025-04-17,568.0,C,30,9.17,0.0,0.0,518.0,0.0,0.007822421875,0.3,0.0,0.0,0.0,561.02,2025-03-18T22:57:56.284182
SPY,2025-04-17,569.0,C,30,8.62,0.0,0.0,690.0,0.0,0.015634843750000002,0.3,0.0,0.0,0.0,561.02,2025-03-18T22:57:56.284213
SPY,2025-04-17,570.0,C,30,8.1,0.0,0.0,3214.0,0.0,0.015634843750000002,0.3,0.0,0.0,0.0,561.02,2025-03-18T22:57:56.284246
SPY,2025-04-17,571.0,C,30,7.68,0.0,0.0,336.0,0.0,0.015634843750000002,0.3,0.0,0.0,0.0,561.02,2025-03-18T22:57:56.284278
SPY,2025-04-17,572.0,C,30,7.28,0.0,0.0,401.0,0.0,0.015634843750000002,0.3,0.0,0.0,0.0,561.02,2025-03-18T22:57:56.284311
SPY,2025-04-17,573.0,C,30,6.84,0.0,0.0,574.0,0.0,0.015634843750000002,0.3,0.0,0.0,0.0,561.02,2025-03-18T22:57:56.284343
SPY,2025-04-17,574.0,C,30,6.43,0.0,0.0,1268.0,0.0,0.015634843750000002,0.3,0.0,0.0,0.0,561.02,2025-03-18T22:57:56.284375
SPY,2025-04-17,575.0,C,30,5.96,0.0,0.0,4069.0,0.0,0.015634843750000002,0.3,0.0,0.0,0.0,561.02,2025-03-18T22:57:56.284408
SPY,2025-04-17,576.0,C,30,5.66,0.0,0.0,1895.0,0.0,0.015634843750000002,0.3,0.0,0.0,0.0,561.02,2025-03-18T22:57:56.284440
SPY,2025-04-17,577.0,C,30,5.23,0.0,0.0,1055.0,0.0,0.015634843750000002,0.3,0.0,0.0,0.0,561.02,2025-03-18T22:57:56.284473
SPY,2025-04-17,578.0,C,30,4.85,0.0,0.0,821.0,0.0,0.0312596875,0.3,0.0,0.0,0.0,561.02,2025-03-18T22:57:56.284505
SPY,2025-04-17,579.0,C,30,4.44,0.0,0.0,179.0,0.0,0.0312596875,0.3,0.0,0.0,0.0,561.02,2025-03-18T22:57:56.284537
SPY,2025-04-17,580.0,C,30,4.19,0.0,0.0,6130.0,0.0,0.0312596875,0.3,0.0,0.0,0.0,561.02,2025-03-18T22:57:56.284569
SPY,2025-04-17,581.0,C,30,3.91,0.0,0.0,1644.0,0.0,0.0312596875,0.3,0.0,0.0,0.0,561.02,2025-03-18T22:57:56.284602
SPY,2025-04-17,582.0,C,30,3.65,0.0,0.0,1335.0,0.0,0.0312596875,0.3,0.0,0.0,0.0,561.02,2025-03-18T22:57:56.284634
SPY,2025-04-17,583.0,C,30,3.39,0.0,0.0,631.0,0.0,0.0312596875,0.3,0.0,0.0,0.0,561.02,2025-03-18T22:57:56.284666
SPY,2025-04-17,584.0,C,30,3.06,0.0,0.0,613.0,0.0,0.0312596875,0.3,0.0,0.0,0.0,561.02,2025-03-18T22:57:56.284698
SPY,2025-04-17,585.0,C,30,2.8,0.0,0.0,14643.0,0.0,0.0312596875,0.3,0.0,0.0,0.0,561.02,2025-03-18T22:57:56.284730
SPY,2025-04-17,586.0,C,30,2.58,0.0,0.0,499.0,0.0,0.0312596875,0.3,0.0,0.0,0.0,561.02,2025-03-18T22:57:56.284762
SPY,2025-04-17,587.0,C,30,2.23,0.0,0.0,559.0,0.0,0.0312596875,0.3,0.0,0.0,0.0,561.02,2025-03-18T22:57:56.284795
SPY,2025-04-17,588.0,C,30,2.14,0.0,0.0,3585.0,0.0,0.0312596875,0.3,0.0,0.0,0.0,561.02,2025-03-18T22:57:56.284827
SPY,2025-04-17,589.0,C,30,2.01,0.0,0.0,1871.0,0.0,0.0312596875,0.3,0.0,0.0,0.0,561.02,2025-03-18T22:57:56.284860
SPY,2025-04-17,590.0,C,30,1.79,0.0,0.0,3109.0,0.0,0.0312596875,0.3,0.0,0.0,0.0,561.02,2025-03-18T22:57:56.284892
SPY,2025-04-17,591.0,C,30,1.64,0.0,0.0,1130.0,0.0,0.0312596875,0.3,0.0,0.0,0.0,561.02,2025-03-18T22:57:56.284925
SPY,2025-04-17,592.0,C,30,1.48,0.0,0.0,1033.0,0.0,0.0312596875,0.3,0.0,0.0,0.0,561.02,2025-03-18T22:57:56.284958
SPY,2025-04-17,593.0,C,30,1.31,0.0,0.0,253.0,0.0,0.0312596875,0.3,0.0,0.0,0.0,561.02,2025-03-18T22:57:56.284990
SPY,2025-04-17,594.0,C,30,1.18,0.0,0.0,883.0,0.0,0.0312596875,0.3,0.0,0.0,0.0,561.02,2025-03-18T22:57:56.285023
SPY,2025-04-17,595.0,C,30,1.09,0.0,0.0,2644.0,0.0,0.0312596875,0.3,0.0,0.0,0.0,561.02,2025-03-18T22:57:56.285056
SPY,2025-04-17,596.0,C,30,0.99,0.0,0.0,180.0,0.0,0.062509375,0.3,0.0,0.0,0.0,561.02,2025-03-18T22:57:56.285088
SPY,2025-04-17,597.0,C,30,0.88,0.0,0.0,300.0,0.0,0.062509375,0.3,0.0,0.0,0.0,561.02,2025-03-18T22:57:56.285121
SPY,2025-04-17,598.0,C,30,0.79,0.0,0.0,181.0,0.0,0.062509375,0.3,0.0,0.0,0.0,561.02,2025-03-18T22:57:56.285153
SPY,2025-04-17,599.0,C,30,0.69,0.0,0.0,316.0,0.0,0.062509375,0.3,0.0,0.0,0.0,561.02,2025-03-18T22:57:56.285186
SPY,2025-04-17,600.0,C,30,0.63,0.0,0.0,6649.0,0.0,0.062509375,0.3,0.0,0.0,0.0,561.02,2025-03-18T22:57:56.285218
SPY,2025-04-17,601.0,C,30,0.56,0.0,0.0,240.0,0.0,0.062509375,0.3,0.0,0.0,0.0,561.02,2025-03-18T22:57:56.285250
SPY,2025-04-17,602.0,C,30,0.49,0.0,0.0,451.0,0.0,0.062509375,0.3,0.0,0.0,0.0,561.02,2025-03-18T22:57:56.285283
SPY,2025-04-17,603.0,C,30,0.39,0.0,0.0,125.0,0.0,0.062509375,0.3,0.0,0.0,0.0,561.02,2025-03-18T22:57:56.285315
SPY,2025-04-17,604.0,C,30,0.36,0.0,0.0,54.0,0.0,0.062509375,0.3,0.0,0.0,0.0,561.02,2025-03-18T22:57:56.285347
SPY,2025-04-17,605.0,C,30,0.34,0.0,0.0,812.0,0.0,0.062509375,0.3,0.0,0.0,0.0,561.02,2025-03-18T22:57:56.285379
SPY,2025-04-17,606.0,C,30,0.3,0.0,0.0,73.0,0.0,0.062509375,0.3,0.0,0.0,0.0,561.02,2025-03-18T22:57:56.285411
SPY,2025-04-17,607.0,C,30,0.28,0.0,0.0,25.0,0.0,0.062509375,0.3,0.0,0.0,0.0,561.02,2025-03-18T22:57:56.285443
SPY,2025-04-17,608.0,C,30,0.25,0.0,0.0,41.0,0.0,0.062509375,0.3,0.0,0.0,0.0,561.02,2025-03-18T22:57:56.285474
SPY,2025-04-17,609.0,C,30,0.22,0.0,0.0,68.0,0.0,0.062509375,0.3,0.0,0.0,0.0,561.02,2025-03-18T22:57:56.285507
SPY,2025-04-17,610.0,C,30,0.2,0.0,0.0,1318.0,0.0,0.062509375,0.3,0.0,0.0,0.0,561.02,2025-03-18T22:57:56.285539
SPY,2025-04-17,611.0,C,30,0.17,0.0,0.0,988.0,0.0,0.062509375,0.3,0.0,0.0,0.0,561.02,2025-03-18T22:57:56.285571
SPY,2025-04-17,612.0,C,30,0.16,0.0,0.0,478.0,0.0,0.062509375,0.3,0.0,0.0,0.0,561.02,2025-03-18T22:57:56.285603
SPY,2025-04-17,613.0,C,30,0.14,0.0,0.0,214.0,0.0,0.062509375,0.3,0.0,0.0,0.0,561.02,2025-03-18T22:57:56.285636
SPY,2025-04-17,614.0,C,30,0.12,0.0,0.0,13.0,0.0,0.062509375,0.3,0.0,0.0,0.0,561.02,2025-03-18T22:57:56.285668
SPY,2025-04-17,615.0,C,30,0.12,0.0,0.0,289.0,0.0,0.062509375,0.3,0.0,0.0,0.0,561.02,2025-03-18T22:57:56.285700
SPY,2025-04-17,616.0,C,30,0.1,0.0,0.0,172.0,0.0,0.062509375,0.3,0.0,0.0,0.0,561.02,2025-03-18T22:57:56.285732
SPY,2025-04-17,617.0,C,30,0.09,0.0,0.0,11.0,0.0,0.062509375,0.3,0.0,0.0,0.0,561.02,2025-03-18T22:57:56.285764
SPY,2025-04-17,618.0,C,30,0.09,0.0,0.0,140.0,0.0,0.062509375,0.3,0.0,0.0,0.0,561.02,2025-03-18T22:57:56.285796
SPY,2025-04-17,619.0,C,30,0.09,0.0,0.0,13.0,0.0,0.062509375,0.3,0.0,0.0,0.0,561.02,2025-03-18T22:57:56.285828
SPY,2025-04-17,620.0,C,30,0.07,0.0,0.0,511.0,0.0,0.062509375,0.3,0.0,0.0,0.0,561.02,2025-03-18T22:57:56.285860
SPY,2025-04-17,621.0,C,30,0.09,0.0,0.0,1.0,0.0,0.062509375,0.3,0.0,0.0,0.0,561.02,2025-03-18T22:57:56.285892
SPY,2025-04-17,622.0,C,30,0.08,0.0,0.0,5.0,0.0,0.062509375,0.3,0.0,0.0,0.0,561.02,2025-03-18T22:57:56.285924
SPY,2025-04-17,623.0,C,30,0.06,0.0,0.0,135.0,0.0,0.062509375,0.3,0.0,0.0,0.0,561.02,2025-03-18T22:57:56.285956
SPY,2025-04-17,624.0,C,30,0.05,0.0,0.0,2.0,0.0,0.062509375,0.3,0.0,0.0,0.0,561.02,2025-03-18T22:57:56.285988
SPY,2025-04-17,625.0,C,30,0.05,0.0,0.0,1486.0,0.0,0.062509375,0.3,0.0,0.0,0.0,561.02,2025-03-18T22:57:56.286020
SPY,2025-04-17,626.0,C,30,0.05,0.0,0.0,1416.0,0.0,0.062509375,0.3,0.0,0.0,0.0,561.02,2025-03-18T22:57:56.286052
SPY,2025-04-17,627.0,C,30,0.05,0.0,0.0,1035.0,0.0,0.062509375,0.3,0.0,0.0,0.0,561.02,2025-03-18T22:57:56.286084
SPY,2025-04-17,628.0,C,30,0.04,0.0,0.0,1560.0,0.0,0.062509375,0.3,0.0,0.0,0.0,561.02,2025-03-18T22:57:56.286117
SPY,2025-04-17,629.0,C,30,0.04,0.0,0.0,721.0,0.0,0.062509375,0.3,0.0,0.0,0.0,561.02,2025-03-18T22:57:56.286149
SPY,2025-04-17,630.0,C,30,0.04,0.0,0.0,938.0,0.0,0.062509375,0.3,0.0,0.0,0.0,561.02,2025-03-18T22:57:56.286181
SPY,2025-04-17,631.0,C,30,0.03,0.0,0.0,426.0,0.0,0.062509375,0.3,0.0,0.0,0.0,561.02,2025-03-18T22:57:56.286213
SPY,2025-04-17,632.0,C,30,0.04,0.0,0.0,180.0,0.0,0.062509375,0.3,0.0,0.0,0.0,561.02,2025-03-18T22:57:56.286245
SPY,2025-04-17,633.0,C,30,0.03,0.0,0.0,4.0,0.0,0.062509375,0.3,0.0,0.0,0.0,561.02,2025-03-18T22:57:56.286277
SPY,2025-04-17,634.0,C,30,0.04,0.0,0.0,819.0,0.0,0.062509375,0.3,0.0,0.0,0.0,561.02,2025-03-18T22:57:56.286309
SPY,2025-04-17,635.0,C,30,0.03,0.0,0.0,3.0,0.0,0.062509375,0.3,0.0,0.0,0.0,561.02,2025-03-18T22:57:56.286342
SPY,2025-04-17,636.0,C,30,0.03,0.0,0.0,156.0,0.0,0.062509375,0.3,0.0,0.0,0.0,561.02,2025-03-18T22:57:56.286374
SPY,2025-04-17,637.0,C,30,0.03,0.0,0.0,3.0,0.0,0.062509375,0.3,0.0,0.0,0.0,561.02,2025-03-18T22:57:56.286406
SPY,2025-04-17,638.0,C,30,0.03,0.0,0.0,2.0,0.0,0.12500875,0.3,0.0,0.0,0.0,561.02,2025-03-18T22:57:56.286438
SPY,2025-04-17,639.0,C,30,0.03,0.0,0.0,935.0,0.0,0.12500875,0.3,0.0,0.0,0.0,561.02,2025-03-18T22:57:56.286471
SPY,2025-04-17,640.0,C,30,0.02,0.0,0.0,1057.0,0.0,0.12500875,0.3,0.0,0.0,0.0,561.02,2025-03-18T22:57:56.286503
SPY,2025-04-17,641.0,C,30,0.03,0.0,0.0,484.0,0.0,0.12500875,0.3,0.0,0.0,0.0,561.02,2025-03-18T22:57:56.286535
SPY,2025-04-17,642.0,C,30,0.03,0.0,0.0,607.0,0.0,0.12500875,0.3,0.0,0.0,0.0,561.02,2025-03-18T22:57:56.286567
SPY,2025-04-17,643.0,C,30,0.03,0.0,0.0,27.0,0.0,0.12500875,0.3,0.0,0.0,0.0,561.02,2025-03-18T22:57:56.286599
SPY,2025-04-17,644.0,C,30,0.03,0.0,0.0,2.0,0.0,0.12500875,0.3,0.0,0.0,0.0,561.02,2025-03-18T22:57:56.286631
SPY,2025-04-17,645.0,C,30,0.03,0.0,0.0,10.0,0.0,0.12500875,0.3,0.0,0.0,0.0,561.02,2025-03-18T22:57:56.286663
SPY,2025-04-17,646.0,C,30,0.03,0.0,0.0,500.0,0.0,0.12500875,0.3,0.0,0.0,0.0,561.02,2025-03-18T22:57:56.286695
SPY,2025-04-17,647.0,C,30,0.03,0.0,0.0,641.0,0.0,0.12500875,0.3,0.0,0.0,0.0,561.02,2025-03-18T22:57:56.286728
SPY,2025-04-17,648.0,C,30,0.03,0.0,0.0,14.0,0.0,0.12500875,0.3,0.0,0.0,0.0,561.02,2025-03-18T22:57:56.286760
SPY,2025-04-17,649.0,C,30,0.02,0.0,0.0,1.0,0.0,0.12500875,0.3,0.0,0.0,0.0,561.02,2025-03-18T22:57:56.286793
SPY,2025-04-17,650.0,C,30,0.02,0.0,0.0,6.0,0.0,0.12500875,0.3,0.0,0.0,0.0,561.02,2025-03-18T22:57:56.286826
SPY,2025-04-17,655.0,C,30,0.02,0.0,0.0,13.0,0.0,0.12500875,0.3,0.0,0.0,0.0,561.02,2025-03-18T22:57:56.286858
SPY,2025-04-17,660.0,C,30,0.02,0.0,0.0,32.0,0.0,0.12500875,0.3,0.0,0.0,0.0,561.02,2025-03-18T22:57:56.286891
SPY,2025-04-17,665.0,C,30,0.02,0.0,0.0,535.0,0.0,0.12500875,0.3,0.0,0.0,0.0,561.02,2025-03-18T22:57:56.286925
SPY,2025-04-17,670.0,C,30,0.02,0.0,0.0,30.0,0.0,0.12500875,0.3,0.0,0.0,0.0,561.02,2025-03-18T22:57:56.286957
SPY,2025-04-17,675.0,C,30,0.02,0.0,0.0,2.0,0.0,0.12500875,0.3,0.0,0.0,0.0,561.02,2025-03-18T22:57:56.286990
SPY,2025-04-17,680.0,C,30,0.02,0.0,0.0,5.0,0.0,0.12500875,0.3,0.0,0.0,0.0,561.02,2025-03-18T22:57:56.287023
SPY,2025-04-17,685.0,C,30,0.01,0.0,0.0,3.0,0.0,0.12500875,0.3,0.0,0.0,0.0,561.02,2025-03-18T22:57:56.287056
SPY,2025-04-17,690.0,C,30,0.01,0.0,0.0,872.0,0.0,0.12500875,0.3,0.0,0.0,0.0,561.02,2025-03-18T22:57:56.287089
SPY,2025-04-17,695.0,C,30,0.01,0.0,0.0,7395.0,0.0,0.12500875,0.3,0.0,0.0,0.0,561.02,2025-03-18T22:57:56.287121
SPY,2025-04-17,700.0,C,30,0.01,0.0,0.0,100.0,0.0,0.12500875,0.3,0.0,0.0,0.0,561.02,2025-03-18T22:57:56.287154
SPY,2025-04-17,705.0,C,30,0.02,0.0,0.0,1.0,0.0,0.12500875,0.3,0.0,0.0,0.0,561.02,2025-03-18T22:57:56.287187
SPY,2025-04-17,710.0,C,30,0.01,0.0,0.0,8.0,0.0,0.12500875,0.3,0.0,0.0,0.0,561.02,2025-03-18T22:57:56.287219
SPY,2025-04-17,715.0,C,30,0.01,0.0,0.0,548.0,0.0,0.12500875,0.3,0.0,0.0,0.0,561.02,2025-03-18T22:57:56.287252
SPY,2025-04-17,720.0,C,30,0.01,0.0,0.0,400.0,0.0,0.12500875,0.3,0.0,0.0,0.0,561.02,2025-03-18T22:57:56.287285
SPY,2025-04-17,725.0,C,30,0.01,0.0,0.0,1511.0,0.0,0.12500875,0.3,0.0,0.0,0.0,561.02,2025-03-18T22:57:56.287318
SPY,2025-04-17,730.0,C,30,0.01,0.0,0.0,100.0,0.0,0.12500875,0.3,0.0,0.0,0.0,561.02,2025-03-18T22:57:56.287351
SPY,2025-04-17,735.0,C,30,0.01,0.0,0.0,11.0,0.0,0.2500075,0.3,0.0,0.0,0.0,561.02,2025-03-18T22:57:56.287384
SPY,2025-04-17,740.0,C,30,0.01,0.0,0.0,100.0,0.0,0.2500075,0.3,0.0,0.0,0.0,561.02,2025-03-18T22:57:56.287417
SPY,2025-04-17,745.0,C,30,0.01,0.0,0.0,1.0,0.0,0.2500075,0.3,0.0,0.0,0.0,561.02,2025-03-18T22:57:56.287449
SPY,2025-04-17,750.0,C,30,0.01,0.0,0.0,824.0,0.0,0.2500075,0.3,0.0,0.0,0.0,561.02,2025-03-18T22:57:56.287482
SPY,2025-04-17,755.0,C,30,0.01,0.0,0.0,500.0,0.0,0.2500075,0.3,0.0,0.0,0.0,561.02,2025-03-18T22:57:56.287515
SPY,2025-04-17,760.0,C,30,0.01,0.0,0.0,400.0,0.0,0.2500075,0.3,0.0,0.0,0.0,561.02,2025-03-18T22:57:56.287547
SPY,2025-04-17,765.0,C,30,0.01,0.0,0.0,106.0,0.0,0.2500075,0.3,0.0,0.0,0.0,561.02,2025-03-18T22:57:56.287580
SPY,2025-04-17,770.0,C,30,0.01,0.0,0.0,2191.0,0.0,0.2500075,0.3,0.0,0.0,0.0,561.02,2025-03-18T22:57:56.287612
SPY,2025-04-17,775.0,C,30,0.01,0.0,0.0,783.0,0.0,0.2500075,0.3,0.0,0.0,0.0,561.02,2025-03-18T22:57:56.287645
SPY,2025-04-17,780.0,C,30,0.01,0.0,0.0,200.0,0.0,0.2500075,0.3,0.0,0.0,0.0,561.02,2025-03-18T22:57:56.287677
SPY,2025-04-17,785.0,C,30,0.01,0.0,0.0,200.0,0.0,0.2500075,0.3,0.0,0.0,0.0,561.02,2025-03-18T22:57:56.287710
SPY,2025-04-17,790.0,C,30,0.01,0.0,0.0,99.0,0.0,0.2500075,0.3,0.0,0.0,0.0,561.02,2025-03-18T22:57:56.287742
SPY,2025-04-17,795.0,C,30,0.01,0.0,0.0,1.0,0.0,0.2500075,0.3,0.0,0.0,0.0,561.02,2025-03-18T22:57:56.287775
SPY,2025-04-17,800.0,C,30,0.01,0.0,0.0,10.0,0.0,0.2500075,0.3,0.0,0.0,0.0,561.02,2025-03-18T22:57:56.287807
SPY,2025-04-17,805.0,C,30,0.04,0.0,0.0,1.0,0.0,0.2500075,0.3,0.0,0.0,0.0,561.02,2025-03-18T22:57:56.287840
SPY,2025-04-17,810.0,C,30,0.01,0.0,0.01,250.0,5625.0,0.39063109375,0.3,0.0,0.0,0.0,561.02,2025-03-18T22:57:56.287872
SPY,2025-04-17,815.0,C,30,0.01,0.0,0.0,100.0,0.0,0.2500075,0.3,0.0,0.0,0.0,561.02,2025-03-18T22:57:56.287905
SPY,2025-04-17,820.0,C,30,0.01,0.0,0.0,816.0,3113.0,0.2500075,0.3,0.0,0.0,0.0,561.02,2025-03-18T22:57:56.287937
SPY,2025-04-17,825.0,C,30,0.01,0.0,0.01,1429.0,4874.0,0.4062559375,0.3,0.0,0.0,0.0,561.02,2025-03-18T22:57:56.287970
SPY,2025-04-17,830.0,C,30,0.01,0.0,0.0,1.0,0.0,0.2500075,0.3,0.0,0.0,0.0,561.02,2025-03-18T22:57:56.288002
SPY,2025-04-17,260.0,P,30,0.02,0.0,0.0,525.0,0.0,0.500005,-0.3,0.0,0.0,0.0,561.02,2025-03-18T22:57:56.288035
SPY,2025-04-17,265.0,P,30,0.02,0.0,0.0,879.0,0.0,0.500005,-0.3,0.0,0.0,0.0,561.02,2025-03-18T22:57:56.288067
SPY,2025-04-17,270.0,P,30,0.02,0.0,0.0,970.0,0.0,0.500005,-0.3,0.0,0.0,0.0,561.02,2025-03-18T22:57:56.288100
SPY,2025-04-17,275.0,P,30,0.03,0.0,0.0,24.0,0.0,0.500005,-0.3,0.0,0.0,0.0,561.02,2025-03-18T22:57:56.288133
SPY,2025-04-17,280.0,P,30,0.03,0.0,0.0,5.0,0.0,0.500005,-0.3,0.0,0.0,0.0,561.02,2025-03-18T22:57:56.288165
SPY,2025-04-17,285.0,P,30,0.04,0.0,0.0,6.0,0.0,0.500005,-0.3,0.0,0.0,0.0,561.02,2025-03-18T22:57:56.288198
SPY,2025-04-17,290.0,P,30,0.03,0.0,0.0,3.0,0.0,0.500005,-0.3,0.0,0.0,0.0,561.02,2025-03-18T22:57:56.288231
SPY,2025-04-17,295.0,P,30,0.04,0.0,0.0,326.0,0.0,0.500005,-0.3,0.0,0.0,0.0,561.02,2025-03-18T22:57:56.288263
SPY,2025-04-17,300.0,P,30,0.04,0.0,0.0,325.0,0.0,0.500005,-0.3,0.0,0.0,0.0,561.02,2025-03-18T22:57:56.288296
SPY,2025-04-17,305.0,P,30,0.05,0.0,0.0,116.0,0.0,0.500005,-0.3,0.0,0.0,0.0,561.02,2025-03-18T22:57:56.288329
SPY,2025-04-17,310.0,P,30,0.05,0.0,0.0,2.0,0.0,0.500005,-0.3,0.0,0.0,0.0,561.02,2025-03-18T22:57:56.288361
SPY,2025-04-17,315.0,P,30,0.05,0.0,0.0,40.0,0.0,0.500005,-0.3,0.0,0.0,0.0,561.02,2025-03-18T22:57:56.288393
SPY,2025-04-17,320.0,P,30,0.05,0.0,0.0,109.0,0.0,0.500005,-0.3,0.0,0.0,0.0,561.02,2025-03-18T22:57:56.288426
SPY,2025-04-17,325.0,P,30,0.06,0.0,0.0,36.0,0.0,0.2500075,-0.3,0.0,0.0,0.0,561.02,2025-03-18T22:57:56.288458
SPY,2025-04-17,330.0,P,30,0.06,0.0,0.0,2.0,0.0,0.2500075,-0.3,0.0,0.0,0.0,561.02,2025-03-18T22:57:56.288491
SPY,2025-04-17,335.0,P,30,0.09,0.0,0.0,2.0,0.0,0.2500075,-0.3,0.0,0.0,0.0,561.02,2025-03-18T22:57:56.288523
SPY,2025-04-17,340.0,P,30,0.07,0.0,0.0,221.0,0.0,0.2500075,-0.3,0.0,0.0,0.0,561.02,2025-03-18T22:57:56.288556
SPY,2025-04-17,345.0,P,30,0.08,0.0,0.0,163.0,0.0,0.2500075,-0.3,0.0,0.0,0.0,561.02,2025-03-18T22:57:56.288588
SPY,2025-04-17,350.0,P,30,0.1,0.0,0.0,329.0,0.0,0.2500075,-0.3,0.0,0.0,0.0,561.02,2025-03-18T22:57:56.288621
SPY,2025-04-17,355.0,P,30,0.1,0.0,0.0,60.0,0.0,0.2500075,-0.3,0.0,0.0,0.0,561.02,2025-03-18T22:57:56.288653
SPY,2025-04-17,360.0,P,30,0.1,0.0,0.0,66.0,0.0,0.2500075,-0.3,0.0,0.0,0.0,561.02,2025-03-18T22:57:56.288686
SPY,2025-04-17,365.0,P,30,0.11,0.0,0.0,58.0,0.0,0.2500075,-0.3,0.0,0.0,0.0,561.02,2025-03-18T22:57:56.288718
SPY,2025-04-17,370.0,P,30,0.13,0.0,0.0,70.0,0.0,0.2500075,-0.3,0.0,0.0,0.0,561.02,2025-03-18T22:57:56.288751
SPY,2025-04-17,375.0,P,30,0.15,0.0,0.0,375.0,0.0,0.2500075,-0.3,0.0,0.0,0.0,561.02,2025-03-18T22:57:56.288783
SPY,2025-04-17,380.0,P,30,0.15,0.0,0.0,137.0,0.0,0.2500075,-0.3,0.0,0.0,0.0,561.02,2025-03-18T22:57:56.288816
SPY,2025-04-17,385.0,P,30,0.16,0.0,0.0,1067.0,0.0,0.2500075,-0.3,0.0,0.0,0.0,561.02,2025-03-18T22:57:56.288848
SPY,2025-04-17,390.0,P,30,0.17,0.0,0.0,207.0,0.0,0.2500075,-0.3,0.0,0.0,0.0,561.02,2025-03-18T22:57:56.288881
SPY,2025-04-17,395.0,P,30,0.18,0.0,0.0,70.0,0.0,0.2500075,-0.3,0.0,0.0,0.0,561.02,2025-03-18T22:57:56.288913
SPY,2025-04-17,400.0,P,30,0.2,0.0,0.0,189.0,0.0,0.2500075,-0.3,0.0,0.0,0.0,561.02,2025-03-18T22:57:56.288947
SPY,2025-04-17,405.0,P,30,0.22,0.0,0.0,88.0,0.0,0.2500075,-0.3,0.0,0.0,0.0,561.02,2025-03-18T22:57:56.288979
SPY,2025-04-17,410.0,P,30,0.24,0.0,0.0,87.0,0.0,0.2500075,-0.3,0.0,0.0,0.0,561.02,2025-03-18T22:57:56.289012
SPY,2025-04-17,415.0,P,30,0.26,0.0,0.0,104.0,0.0,0.2500075,-0.3,0.0,0.0,0.0,561.02,2025-03-18T22:57:56.289044
SPY,2025-04-17,420.0,P,30,0.25,0.0,0.0,247.0,0.0,0.2500075,-0.3,0.0,0.0,0.0,561.02,2025-03-18T22:57:56.289077
SPY,2025-04-17,425.0,P,30,0.29,0.0,0.0,93.0,0.0,0.2500075,-0.3,0.0,0.0,0.0,561.02,2025-03-18T22:57:56.289111
SPY,2025-04-17,430.0,P,30,0.31,0.0,0.0,92.0,0.0,0.2500075,-0.3,0.0,0.0,0.0,561.02,2025-03-18T22:57:56.289144
SPY,2025-04-17,435.0,P,30,0.36,0.0,0.0,102.0,0.0,0.12500875,-0.3,0.0,0.0,0.0,561.02,2025-03-18T22:57:56.289177
SPY,2025-04-17,440.0,P,30,0.36,0.0,0.0,1866.0,0.0,0.12500875,-0.3,0.0,0.0,0.0,561.02,2025-03-18T22:57:56.289209
SPY,2025-04-17,445.0,P,30,0.39,0.0,0.0,508.0,0.0,0.12500875,-0.3,0.0,0.0,0.0,561.02,2025-03-18T22:57:56.289242
SPY,2025-04-17,450.0,P,30,0.43,0.0,0.0,790.0,0.0,0.12500875,-0.3,0.0,0.0,0.0,561.02,2025-03-18T22:57:56.289275
SPY,2025-04-17,455.0,P,30,0.47,0.0,0.0,733.0,0.0,0.12500875,-0.3,0.0,0.0,0.0,561.02,2025-03-18T22:57:56.289307
SPY,2025-04-17,460.0,P,30,0.51,0.0,0.0,1487.0,0.0,0.12500875,-0.3,0.0,0.0,0.0,561.02,2025-03-18T22:57:56.289340
SPY,2025-04-17,465.0,P,30,0.54,0.0,0.0,161.0,0.0,0.12500875,-0.3,0.0,0.0,0.0,561.02,2025-03-18T22:57:56.289373
SPY,2025-04-17,470.0,P,30,0.62,0.0,0.0,6608.0,0.0,0.12500875,-0.3,0.0,0.0,0.0,561.02,2025-03-18T22:57:56.289405
SPY,2025-04-17,475.0,P,30,0.68,0.0,0.0,874.0,0.0,0.12500875,-0.3,0.0,0.0,0.0,561.02,2025-03-18T22:57:56.289438
SPY,2025-04-17,480.0,P,30,0.75,0.0,0.0,829.0,0.0,0.12500875,-0.3,0.0,0.0,0.0,561.02,2025-03-18T22:57:56.289470
SPY,2025-04-17,485.0,P,30,0.86,0.0,0.0,951.0,0.0,0.12500875,-0.3,0.0,0.0,0.0,561.02,2025-03-18T22:57:56.289503
SPY,2025-04-17,490.0,P,30,0.99,0.0,0.0,1203.0,0.0,0.12500875,-0.3,0.0,0.0,0.0,561.02,2025-03-18T22:57:56.289536
SPY,2025-04-17,495.0,P,30,1.15,0.0,0.0,1080.0,0.0,0.062509375,-0.3,0.0,0.0,0.0,561.02,2025-03-18T22:57:56.289568
SPY,2025-04-17,500.0,P,30,1.31,0.0,0.0,3991.0,0.0,0.062509375,-0.3,0.0,0.0,0.0,561.02,2025-03-18T22:57:56.289601
SPY,2025-04-17,505.0,P,30,1.54,0.0,0.0,1898.0,0.0,0.062509375,-0.3,0.0,0.0,0.0,561.02,2025-03-18T22:57:56.289634
SPY,2025-04-17,510.0,P,30,1.81,0.0,0.0,3383.0,0.0,0.062509375,-0.3,0.0,0.0,0.0,561.02,2025-03-18T22:57:56.289666
SPY,2025-04-17,511.0,P,30,1.98,0.0,0.0,208.0,0.0,0.062509375,-0.3,0.0,0.0,0.0,561.02,2025-03-18T22:57:56.289699
SPY,2025-04-17,512.0,P,30,2.02,0.0,0.0,301.0,0.0,0.062509375,-0.3,0.0,0.0,0.0,561.02,2025-03-18T22:57:56.289731
SPY,2025-04-17,513.0,P,30,2.04,0.0,0.0,96.0,0.0,0.062509375,-0.3,0.0,0.0,0.0,561.02,2025-03-18T22:57:56.289764
SPY,2025-04-17,514.0,P,30,2.11,0.0,0.0,136.0,0.0,0.062509375,-0.3,0.0,0.0,0.0,561.02,2025-03-18T22:57:56.289796
SPY,2025-04-17,515.0,P,30,2.18,0.0,0.0,3457.0,0.0,0.062509375,-0.3,0.0,0.0,0.0,561.02,2025-03-18T22:57:56.289829
SPY,2025-04-17,516.0,P,30,2.25,0.0,0.0,170.0,0.0,0.062509375,-0.3,0.0,0.0,0.0,561.02,2025-03-18T22:57:56.289862
SPY,2025-04-17,517.0,P,30,2.37,0.0,0.0,162.0,0.0,0.062509375,-0.3,0.0,0.0,0.0,561.02,2025-03-18T22:57:56.289894
SPY,2025-04-17,518.0,P,30,2.45,0.0,0.0,92.0,0.0,0.062509375,-0.3,0.0,0.0,0.0,561.02,2025-03-18T22:57:56.289927
SPY,2025-04-17,519.0,P,30,2.53,0.0,0.0,144.0,0.0,0.062509375,-0.3,0.0,0.0,0.0,561.02,2025-03-18T22:57:56.289960
SPY,2025-04-17,520.0,P,30,2.6,0.0,0.0,996.0,0.0,0.062509375,-0.3,0.0,0.0,0.0,561.02,2025-03-18T22:57:56.289993
SPY,2025-04-17,521.0,P,30,2.81,0.0,0.0,155.0,0.0,0.062509375,-0.3,0.0,0.0,0.0,561.02,2025-03-18T22:57:56.290025
SPY,2025-04-17,522.0,P,30,2.97,0.0,0.0,191.0,0.0,0.062509375,-0.3,0.0,0.0,0.0,561.02,2025-03-18T22:57:56.290058
SPY,2025-04-17,523.0,P,30,3.02,0.0,0.0,355.0,0.0,0.062509375,-0.3,0.0,0.0,0.0,561.02,2025-03-18T22:57:56.290091
SPY,2025-04-17,524.0,P,30,3.13,0.0,0.0,357.0,0.0,0.062509375,-0.3,0.0,0.0,0.0,561.02,2025-03-18T22:57:56.290124
SPY,2025-04-17,525.0,P,30,3.13,0.0,0.0,1512.0,0.0,0.062509375,-0.3,0.0,0.0,0.0,561.02,2025-03-18T22:57:56.290157
SPY,2025-04-17,526.0,P,30,3.2,0.0,0.0,207.0,0.0,0.062509375,-0.3,0.0,0.0,0.0,561.02,2025-03-18T22:57:56.290189
SPY,2025-04-17,527.0,P,30,3.54,0.0,0.0,269.0,0.0,0.062509375,-0.3,0.0,0.0,0.0,561.02,2025-03-18T22:57:56.290222
SPY,2025-04-17,528.0,P,30,3.55,0.0,0.0,282.0,0.0,0.062509375,-0.3,0.0,0.0,0.0,561.02,2025-03-18T22:57:56.290255
SPY,2025-04-17,529.0,P,30,3.7,0.0,0.0,215.0,0.0,0.0312596875,-0.3,0.0,0.0,0.0,561.02,2025-03-18T22:57:56.290287
SPY,2025-04-17,530.0,P,30,3.82,0.0,0.0,14277.0,0.0,0.0312596875,-0.3,0.0,0.0,0.0,561.02,2025-03-18T22:57:56.290320
SPY,2025-04-17,531.0,P,30,4.0,0.0,0.0,298.0,0.0,0.0312596875,-0.3,0.0,0.0,0.0,561.02,2025-03-18T22:57:56.290352
SPY,2025-04-17,532.0,P,30,4.1,0.0,0.0,304.0,0.0,0.0312596875,-0.3,0.0,0.0,0.0,561.02,2025-03-18T22:57:56.290385
SPY,2025-04-17,533.0,P,30,4.3,0.0,0.0,26440.0,0.0,0.0312596875,-0.3,0.0,0.0,0.0,561.02,2025-03-18T22:57:56.290417
SPY,2025-04-17,534.0,P,30,4.63,0.0,0.0,1377.0,0.0,0.0312596875,-0.3,0.0,0.0,0.0,561.02,2025-03-18T22:57:56.290450
SPY,2025-04-17,535.0,P,30,4.64,0.0,0.0,900.0,0.0,0.0312596875,-0.3,0.0,0.0,0.0,561.02,2025-03-18T22:57:56.290482
SPY,2025-04-17,536.0,P,30,4.94,0.0,0.0,170.0,0.0,0.0312596875,-0.3,0.0,0.0,0.0,561.02,2025-03-18T22:57:56.290515
SPY,2025-04-17,537.0,P,30,4.98,0.0,0.0,121.0,0.0,0.0312596875,-0.3,0.0,0.0,0.0,561.02,2025-03-18T22:57:56.290547
SPY,2025-04-17,538.0,P,30,5.37,0.0,0.0,585.0,0.0,0.0312596875,-0.3,0.0,0.0,0.0,561.02,2025-03-18T22:57:56.290580
SPY,2025-04-17,539.0,P,30,5.36,0.0,0.0,3802.0,0.0,0.0312596875,-0.3,0.0,0.0,0.0,561.02,2025-03-18T22:57:56.290612
SPY,2025-04-17,540.0,P,30,5.57,0.0,0.0,29382.0,0.0,0.0312596875,-0.3,0.0,0.0,0.0,561.02,2025-03-18T22:57:56.290645
SPY,2025-04-17,541.0,P,30,5.91,0.0,0.0,279.0,0.0,0.0312596875,-0.3,0.0,0.0,0.0,561.02,2025-03-18T22:57:56.290678
SPY,2025-04-17,542.0,P,30,6.04,0.0,0.0,248.0,0.0,0.0312596875,-0.3,0.0,0.0,0.0,561.02,2025-03-18T22:57:56.290711
SPY,2025-04-17,543.0,P,30,6.51,0.0,0.0,437.0,0.0,0.0312596875,-0.3,0.0,0.0,0.0,561.02,2025-03-18T22:57:56.290745
SPY,2025-04-17,544.0,P,30,6.64,0.0,0.0,240.0,0.0,0.0312596875,-0.3,0.0,0.0,0.0,561.02,2025-03-18T22:57:56.290779
SPY,2025-04-17,545.0,P,30,6.68,0.0,0.0,1753.0,0.0,0.0312596875,-0.3,0.0,0.0,0.0,561.02,2025-03-18T22:57:56.290812
SPY,2025-04-17,546.0,P,30,7.1,0.0,0.0,417.0,0.0,0.015634843750000002,-0.3,0.0,0.0,0.0,561.02,2025-03-18T22:57:56.290846
SPY,2025-04-17,547.0,P,30,7.37,0.0,0.0,2590.0,0.0,0.015634843750000002,-0.3,0.0,0.0,0.0,561.02,2025-03-18T22:57:56.290880
SPY,2025-04-17,548.0,P,30,7.76,0.0,0.0,659.0,0.0,0.015634843750000002,-0.3,0.0,0.0,0.0,561.02,2025-03-18T22:57:56.290913
SPY,2025-04-17,549.0,P,30,7.99,0.0,0.0,294.0,0.0,0.015634843750000002,-0.3,0.0,0.0,0.0,561.02,2025-03-18T22:57:56.290947
SPY,2025-04-17,550.0,P,30,8.07,0.0,0.0,8625.0,0.0,0.015634843750000002,-0.3,0.0,0.0,0.0,561.02,2025-03-18T22:57:56.290981
SPY,2025-04-17,551.0,P,30,8.69,0.0,0.0,1396.0,0.0,0.015634843750000002,-0.3,0.0,0.0,0.0,561.02,2025-03-18T22:57:56.291014
SPY,2025-04-17,552.0,P,30,8.97,0.0,0.0,497.0,0.0,0.015634843750000002,-0.3,0.0,0.0,0.0,561.02,2025-03-18T22:57:56.291048
SPY,2025-04-17,553.0,P,30,9.0,0.0,0.0,245.0,0.0,0.015634843750000002,-0.3,0.0,0.0,0.0,561.02,2025-03-18T22:57:56.291081
SPY,2025-04-17,554.0,P,30,9.33,0.0,0.0,222.0,0.0,0.007822421875,-0.3,0.0,0.0,0.0,561.02,2025-03-18T22:57:56.291115
SPY,2025-04-17,555.0,P,30,9.9,0.0,0.0,1207.0,0.0,0.007822421875,-0.3,0.0,0.0,0.0,561.02,2025-03-18T22:57:56.291149
SPY,2025-04-17,556.0,P,30,10.09,0.0,0.0,408.0,0.0,0.007822421875,-0.3,0.0,0.0,0.0,561.02,2025-03-18T22:57:56.291183
SPY,2025-04-17,557.0,P,30,10.75,0.0,0.0,563.0,0.0,0.007822421875,-0.3,0.0,0.0,0.0,561.02,2025-03-18T22:57:56.291217
SPY,2025-04-17,558.0,P,30,10.86,0.0,0.0,594.0,0.0,0.0039162109375,-0.3,0.0,0.0,0.0,561.02,2025-03-18T22:57:56.291250
SPY,2025-04-17,559.0,P,30,11.18,0.0,0.0,914.0,0.0,0.0039162109375,-0.3,0.0,0.0,0.0,561.02,2025-03-18T22:57:56.291284
SPY,2025-04-17,560.0,P,30,11.57,0.0,0.0,7461.0,0.0,0.00196310546875,-0.3,0.0,0.0,0.0,561.02,2025-03-18T22:57:56.291317
SPY,2025-04-17,561.0,P,30,11.99,0.0,0.0,1468.0,0.0,7.103454589843751e-05,-0.3,0.0,0.0,0.0,561.02,2025-03-18T22:57:56.291351
SPY,2025-04-17,562.0,P,30,12.9,0.0,0.0,527.0,0.0,1.0000000000000003e-05,-0.7,0.0,0.0,0.0,561.02,2025-03-18T22:57:56.291385
SPY,2025-04-17,563.0,P,30,13.5,0.0,0.0,417.0,0.0,1.0000000000000003e-05,-0.7,0.0,0.0,0.0,561.02,2025-03-18T22:57:56.291418
SPY,2025-04-17,564.0,P,30,13.65,0.0,0.0,439.0,0.0,1.0000000000000003e-05,-0.7,0.0,0.0,0.0,561.02,2025-03-18T22:57:56.291452
SPY,2025-04-17,565.0,P,30,14.27,0.0,0.0,2132.0,0.0,1.0000000000000003e-05,-0.7,0.0,0.0,0.0,561.02,2025-03-18T22:57:56.291486
SPY,2025-04-17,566.0,P,30,14.25,0.0,0.0,253.0,0.0,1.0000000000000003e-05,-0.7,0.0,0.0,0.0,561.02,2025-03-18T22:57:56.291519
SPY,2025-04-17,567.0,P,30,15.0,0.0,0.0,136.0,0.0,1.0000000000000003e-05,-0.7,0.0,0.0,0.0,561.02,2025-03-18T22:57:56.291553
SPY,2025-04-17,568.0,P,30,15.5,0.0,0.0,92.0,0.0,1.0000000000000003e-05,-0.7,0.0,0.0,0.0,561.02,2025-03-18T22:57:56.291587
SPY,2025-04-17,569.0,P,30,16.07,0.0,0.0,62.0,0.0,1.0000000000000003e-05,-0.7,0.0,0.0,0.0,561.02,2025-03-18T22:57:56.291620
SPY,2025-04-17,570.0,P,30,16.54,0.0,0.0,1400.0,0.0,1.0000000000000003e-05,-0.7,0.0,0.0,0.0,561.02,2025-03-18T22:57:56.291654
SPY,2025-04-17,571.0,P,30,17.63,0.0,0.0,18.0,0.0,1.0000000000000003e-05,-0.7,0.0,0.0,0.0,561.02,2025-03-18T22:57:56.291688
SPY,2025-04-17,572.0,P,30,18.53,0.0,0.0,14.0,0.0,1.0000000000000003e-05,-0.7,0.0,0.0,0.0,561.02,2025-03-18T22:57:56.291721
SPY,2025-04-17,573.0,P,30,18.71,0.0,0.0,8.0,0.0,1.0000000000000003e-05,-0.7,0.0,0.0,0.0,561.02,2025-03-18T22:57:56.291755
SPY,2025-04-17,574.0,P,30,18.98,0.0,0.0,9.0,0.0,1.0000000000000003e-05,-0.7,0.0,0.0,0.0,561.02,2025-03-18T22:57:56.291789
SPY,2025-04-17,575.0,P,30,19.75,0.0,0.0,776.0,0.0,1.0000000000000003e-05,-0.7,0.0,0.0,0.0,561.02,2025-03-18T22:57:56.291822
SPY,2025-04-17,576.0,P,30,20.15,0.0,0.0,20.0,0.0,1.0000000000000003e-05,-0.7,0.0,0.0,0.0,561.02,2025-03-18T22:57:56.291856
SPY,2025-04-17,577.0,P,30,21.73,0.0,0.0,11.0,0.0,1.0000000000000003e-05,-0.7,0.0,0.0,0.0,561.02,2025-03-18T22:57:56.291889
SPY,2025-04-17,578.0,P,30,21.4,0.0,0.0,17.0,0.0,1.0000000000000003e-05,-0.7,0.0,0.0,0.0,561.02,2025-03-18T22:57:56.291923
SPY,2025-04-17,579.0,P,30,22.88,0.0,0.0,8.0,0.0,1.0000000000000003e-05,-0.7,0.0,0.0,0.0,561.02,2025-03-18T22:57:56.291957
SPY,2025-04-17,580.0,P,30,22.83,0.0,0.0,352.0,0.0,1.0000000000000003e-05,-0.7,0.0,0.0,0.0,561.02,2025-03-18T22:57:56.291990
SPY,2025-04-17,581.0,P,30,23.69,0.0,0.0,39.0,0.0,1.0000000000000003e-05,-0.7,0.0,0.0,0.0,561.02,2025-03-18T22:57:56.292024
SPY,2025-04-17,582.0,P,30,25.33,0.0,0.0,3.0,0.0,1.0000000000000003e-05,-0.7,0.0,0.0,0.0,561.02,2025-03-18T22:57:56.292057
SPY,2025-04-17,583.0,P,30,25.62,0.0,0.0,12.0,0.0,1.0000000000000003e-05,-0.7,0.0,0.0,0.0,561.02,2025-03-18T22:57:56.292091
SPY,2025-04-17,584.0,P,30,26.16,0.0,0.0,9.0,0.0,1.0000000000000003e-05,-0.7,0.0,0.0,0.0,561.02,2025-03-18T22:57:56.292125
SPY,2025-04-17,585.0,P,30,26.48,0.0,0.0,120.0,0.0,1.0000000000000003e-05,-0.7,0.0,0.0,0.0,561.02,2025-03-18T22:57:56.292159
SPY,2025-04-17,586.0,P,30,27.96,0.0,0.0,6.0,0.0,1.0000000000000003e-05,-0.7,0.0,0.0,0.0,561.02,2025-03-18T22:57:56.292193
SPY,2025-04-17,587.0,P,30,29.12,0.0,0.0,5.0,0.0,1.0000000000000003e-05,-0.7,0.0,0.0,0.0,561.02,2025-03-18T22:57:56.292227
SPY,2025-04-17,588.0,P,30,30.0,0.0,0.0,5.0,0.0,1.0000000000000003e-05,-0.7,0.0,0.0,0.0,561.02,2025-03-18T22:57:56.292260
SPY,2025-04-17,589.0,P,30,30.21,0.0,0.0,2.0,0.0,1.0000000000000003e-05,-0.7,0.0,0.0,0.0,561.02,2025-03-18T22:57:56.292294
SPY,2025-04-17,590.0,P,30,30.92,0.0,0.0,173.0,0.0,1.0000000000000003e-05,-0.7,0.0,0.0,0.0,561.02,2025-03-18T22:57:56.292328
SPY,2025-04-17,591.0,P,30,31.97,0.0,0.0,18.0,0.0,1.0000000000000003e-05,-0.7,0.0,0.0,0.0,561.02,2025-03-18T22:57:56.292362
SPY,2025-04-17,592.0,P,30,32.61,0.0,0.0,7.0,0.0,1.0000000000000003e-05,-0.7,0.0,0.0,0.0,561.02,2025-03-18T22:57:56.292395
SPY,2025-04-17,593.0,P,30,33.94,0.0,0.0,4.0,0.0,1.0000000000000003e-05,-0.7,0.0,0.0,0.0,561.02,2025-03-18T22:57:56.292429
SPY,2025-04-17,594.0,P,30,34.76,0.0,0.0,7.0,0.0,1.0000000000000003e-05,-0.7,0.0,0.0,0.0,561.02,2025-03-18T22:57:56.292462
SPY,2025-04-17,595.0,P,30,35.75,0.0,0.0,41.0,0.0,1.0000000000000003e-05,-0.7,0.0,0.0,0.0,561.02,2025-03-18T22:57:56.292496
SPY,2025-04-17,596.0,P,30,37.13,0.0,0.0,5.0,0.0,1.0000000000000003e-05,-0.7,0.0,0.0,0.0,561.02,2025-03-18T22:57:56.292530
SPY,2025-04-17,597.0,P,30,37.18,0.0,0.0,2.0,0.0,1.0000000000000003e-05,-0.7,0.0,0.0,0.0,561.02,2025-03-18T22:57:56.292563
SPY,2025-04-17,598.0,P,30,39.6,0.0,0.0,5.0,0.0,1.0000000000000003e-05,-0.7,0.0,0.0,0.0,561.02,2025-03-18T22:57:56.292597
SPY,2025-04-17,599.0,P,30,40.68,0.0,0.0,8.0,0.0,1.0000000000000003e-05,-0.7,0.0,0.0,0.0,561.02,2025-03-18T22:57:56.292631
SPY,2025-04-17,600.0,P,30,40.29,0.0,0.0,31.0,0.0,1.0000000000000003e-05,-0.7,0.0,0.0,0.0,561.02,2025-03-18T22:57:56.292665
SPY,2025-04-17,601.0,P,30,42.32,0.0,0.0,11.0,0.0,1.0000000000000003e-05,-0.7,0.0,0.0,0.0,561.02,2025-03-18T22:57:56.292699
SPY,2025-04-17,602.0,P,30,36.09,0.0,0.0,2.0,0.0,1.0000000000000003e-05,-0.7,0.0,0.0,0.0,561.02,2025-03-18T22:57:56.292732
SPY,2025-04-17,603.0,P,30,42.81,0.0,0.0,3.0,0.0,1.0000000000000003e-05,-0.7,0.0,0.0,0.0,561.02,2025-03-18T22:57:56.292766
SPY,2025-04-17,604.0,P,30,53.98,0.0,0.0,2.0,0.0,1.0000000000000003e-05,-0.7,0.0,0.0,0.0,561.02,2025-03-18T22:57:56.292800
SPY,2025-04-17,605.0,P,30,45.47,0.0,0.0,351.0,0.0,1.0000000000000003e-05,-0.7,0.0,0.0,0.0,561.02,2025-03-18T22:57:56.292833
SPY,2025-04-17,606.0,P,30,38.23,0.0,0.0,22.0,0.0,1.0000000000000003e-05,-0.7,0.0,0.0,0.0,561.02,2025-03-18T22:57:56.292868
SPY,2025-04-17,607.0,P,30,56.17,0.0,0.0,11.0,0.0,1.0000000000000003e-05,-0.7,0.0,0.0,0.0,561.02,2025-03-18T22:57:56.292902
SPY,2025-04-17,608.0,P,30,40.25,0.0,0.0,3.0,0.0,1.0000000000000003e-05,-0.7,0.0,0.0,0.0,561.02,2025-03-18T22:57:56.292936
SPY,2025-04-17,609.0,P,30,45.91,0.0,0.0,1.0,0.0,1.0000000000000003e-05,-0.7,0.0,0.0,0.0,561.02,2025-03-18T22:57:56.292970
SPY,2025-04-17,610.0,P,30,50.71,0.0,0.0,21.0,0.0,1.0000000000000003e-05,-0.7,0.0,0.0,0.0,561.02,2025-03-18T22:57:56.293004
SPY,2025-04-17,611.0,P,30,56.55,0.0,0.0,1.0,0.0,1.0000000000000003e-05,-0.7,0.0,0.0,0.0,561.02,2025-03-18T22:57:56.293038
SPY,2025-04-17,612.0,P,30,47.31,0.0,0.0,1.0,0.0,1.0000000000000003e-05,-0.7,0.0,0.0,0.0,561.02,2025-03-18T22:57:56.293072
SPY,2025-04-17,613.0,P,30,45.17,0.0,0.0,2.0,0.0,1.0000000000000003e-05,-0.7,0.0,0.0,0.0,561.02,2025-03-18T22:57:56.293106
SPY,2025-04-17,614.0,P,30,41.84,0.0,0.0,1.0,0.0,1.0000000000000003e-05,-0.7,0.0,0.0,0.0,561.02,2025-03-18T22:57:56.293139
SPY,2025-04-17,615.0,P,30,56.43,0.0,0.0,6.0,0.0,1.0000000000000003e-05,-0.7,0.0,0.0,0.0,561.02,2025-03-18T22:57:56.293173
SPY,2025-04-17,616.0,P,30,38.0,0.0,0.0,5.0,0.0,1.0000000000000003e-05,-0.7,0.0,0.0,0.0,561.02,2025-03-18T22:57:56.293206
SPY,2025-04-17,617.0,P,30,57.28,0.0,0.0,1.0,0.0,1.0000000000000003e-05,-0.7,0.0,0.0,0.0,561.02,2025-03-18T22:57:56.293240
SPY,2025-04-17,618.0,P,30,42.67,0.0,0.0,2.0,0.0,1.0000000000000003e-05,-0.7,0.0,0.0,0.0,561.02,2025-03-18T22:57:56.293274
SPY,2025-04-17,619.0,P,30,29.05,0.0,0.0,2.0,0.0,1.0000000000000003e-05,-0.7,0.0,0.0,0.0,561.02,2025-03-18T22:57:56.293307
SPY,2025-04-17,620.0,P,30,67.78,0.0,0.0,212.0,0.0,1.0000000000000003e-05,-0.7,0.0,0.0,0.0,561.02,2025-03-18T22:57:56.293341
SPY,2025-04-17,621.0,P,30,69.46,0.0,0.0,2.0,0.0,1.0000000000000003e-05,-0.7,0.0,0.0,0.0,561.02,2025-03-18T22:57:56.293375
SPY,2025-04-17,622.0,P,30,62.09,0.0,0.0,1.0,0.0,1.0000000000000003e-05,-0.7,0.0,0.0,0.0,561.02,2025-03-18T22:57:56.293408
SPY,2025-04-17,623.0,P,30,65.91,0.0,0.0,1.0,0.0,1.0000000000000003e-05,-0.7,0.0,0.0,0.0,561.02,2025-03-18T22:57:56.293442
SPY,2025-04-17,624.0,P,30,43.79,0.0,0.0,2.0,0.0,1.0000000000000003e-05,-0.7,0.0,0.0,0.0,561.02,2025-03-18T22:57:56.293475
SPY,2025-04-17,625.0,P,30,66.78,0.0,0.0,10.0,0.0,1.0000000000000003e-05,-0.7,0.0,0.0,0.0,561.02,2025-03-18T22:57:56.293509
SPY,2025-04-17,626.0,P,30,39.24,0.0,0.0,2.0,0.0,1.0000000000000003e-05,-0.7,0.0,0.0,0.0,561.02,2025-03-18T22:57:56.293542
SPY,2025-04-17,627.0,P,30,18.68,0.0,0.0,,0.0,1.0000000000000003e-05,-0.7,0.0,0.0,0.0,561.02,2025-03-18T22:57:56.293576
SPY,2025-04-17,628.0,P,30,30.89,0.0,0.0,20.0,0.0,1.0000000000000003e-05,-0.7,0.0,0.0,0.0,561.02,2025-03-18T22:57:56.293610
SPY,2025-04-17,629.0,P,30,22.89,0.0,0.0,1.0,0.0,1.0000000000000003e-05,-0.7,0.0,0.0,0.0,561.02,2025-03-18T22:57:56.293644
SPY,2025-04-17,630.0,P,30,70.0,0.0,0.0,1.0,0.0,1.0000000000000003e-05,-0.7,0.0,0.0,0.0,561.02,2025-03-18T22:57:56.293677
SPY,2025-04-17,631.0,P,30,23.14,0.0,0.0,,0.0,1.0000000000000003e-05,-0.7,0.0,0.0,0.0,561.02,2025-03-18T22:57:56.293716
SPY,2025-04-17,632.0,P,30,33.5,0.0,0.0,,0.0,1.0000000000000003e-05,-0.7,0.0,0.0,0.0,561.02,2025-03-18T22:57:56.293750
SPY,2025-04-17,634.0,P,30,75.58,0.0,0.0,2.0,0.0,1.0000000000000003e-05,-0.7,0.0,0.0,0.0,561.02,2025-03-18T22:57:56.293784
SPY,2025-04-17,635.0,P,30,74.48,0.0,0.0,2.0,0.0,1.0000000000000003e-05,-0.7,0.0,0.0,0.0,561.02,2025-03-18T22:57:56.293817
SPY,2025-04-17,638.0,P,30,52.8,0.0,0.0,10.0,0.0,1.0000000000000003e-05,-0.7,0.0,0.0,0.0,561.02,2025-03-18T22:57:56.293851
SPY,2025-04-17,639.0,P,30,32.9,77.91,79.14,,1.0,0.28552960571289054,-0.7,0.0,0.0,0.0,561.02,2025-03-18T22:57:56.293885
SPY,2025-04-17,640.0,P,30,87.94,0.0,0.0,1.0,0.0,1.0000000000000003e-05,-0.7,0.0,0.0,0.0,561.02,2025-03-18T22:57:56.293919
SPY,2025-04-17,641.0,P,30,85.57,0.0,0.0,,,1.0000000000000003e-05,-0.7,0.0,0.0,0.0,561.02,2025-03-18T22:57:56.293952
SPY,2025-04-17,644.0,P,30,93.97,0.0,0.0,,0.0,1.0000000000000003e-05,-0.7,0.0,0.0,0.0,561.02,2025-03-18T22:57:56.293986
SPY,2025-04-17,645.0,P,30,64.5,0.0,0.0,2.0,0.0,1.0000000000000003e-05,-0.7,0.0,0.0,0.0,561.02,2025-03-18T22:57:56.294019
SPY,2025-04-17,650.0,P,30,91.8,0.0,0.0,4.0,0.0,1.0000000000000003e-05,-0.7,0.0,0.0,0.0,561.02,2025-03-18T22:57:56.294053
SPY,2025-04-17,655.0,P,30,56.24,0.0,0.0,1.0,0.0,1.0000000000000003e-05,-0.7,0.0,0.0,0.0,561.02,2025-03-18T22:57:56.294087
SPY,2025-04-17,660.0,P,30,109.6,0.0,0.0,1.0,0.0,1.0000000000000003e-05,-0.7,0.0,0.0,0.0,561.02,2025-03-18T22:57:56.294121
SPY,2025-04-17,665.0,P,30,65.0,0.0,0.0,5.0,0.0,1.0000000000000003e-05,-0.7,0.0,0.0,0.0,561.02,2025-03-18T22:57:56.294154
SPY,2025-04-17,670.0,P,30,110.76,0.0,0.0,51.0,0.0,1.0000000000000003e-05,-0.7,0.0,0.0,0.0,561.02,2025-03-18T22:57:56.294188
SPY,2025-04-17,680.0,P,30,101.87,0.0,0.0,2.0,0.0,1.0000000000000003e-05,-0.7,0.0,0.0,0.0,561.02,2025-03-18T22:57:56.294221
SPY,2025-04-17,690.0,P,30,84.0,114.02,116.46,,0.0,1.0000000000000003e-05,-0.7,0.0,0.0,0.0,561.02,2025-03-18T22:57:56.294255
SPY,2025-04-17,700.0,P,30,132.32,0.0,0.0,108.0,0.0,1.0000000000000003e-05,-0.7,0.0,0.0,0.0,561.02,2025-03-18T22:57:56.294289
SPY,2025-04-17,710.0,P,30,121.65,117.54,121.1,2.0,0.0,1.0000000000000003e-05,-0.7,0.0,0.0,0.0,561.02,2025-03-18T22:57:56.294322
SPY,2025-04-17,750.0,P,30,150.02,142.97,146.35,2.0,0.0,1.0000000000000003e-05,-0.7,0.0,0.0,0.0,561.02,2025-03-18T22:57:56.294356
SPY,2025-04-17,765.0,P,30,205.99,0.0,0.0,,0.0,1.0000000000000003e-05,-0.7,0.0,0.0,0.0,561.02,2025-03-18T22:57:56.294390
SPY,2025-04-17,810.0,P,30,250.83,0.0,0.0,2.0,0.0,1.0000000000000003e-05,-0.7,0.0,0.0,0.0,561.02,2025-03-18T22:57:56.294423
SPY,2025-04-17,830.0,P,30,247.8,218.38,221.8,2.0,0.0,1.0000000000000003e-05,-0.7,0.0,0.0,0.0,561.02,2025-03-18T22:57:56.294457
